{
  "project_info": {
    "project_number": "82552675604",
    "firebase_url": "https://mydata-fd2e9.firebaseio.com",
    "project_id": "mydata-fd2e9",
    "storage_bucket": "mydata-fd2e9.appspot.com"
  },
  "client": [
    {
      "client_info": {
        "mobilesdk_app_id": "1:82552675604:android:60ddeccc3c0b708fa9b601",
        "android_client_info": {
          "package_name": "com.example.newapp"
        }
      },
      "oauth_client": [
        {
          "client_id": "82552675604-f6hfi81h6gb384ahsb8ufvj2vf01j8bj.apps.googleusercontent.com",
          "client_type": 3
        }
      ],
      "api_key": [
        {
          "current_key": "AIzaSyCkT1yt6a7SzYNzSID3bvAxeM0xfyiQR0k"
        }
      ],
      "services": {
        "appinvite_service": {
          "other_platform_oauth_client": [
            {
              "client_id": "82552675604-f6hfi81h6gb384ahsb8ufvj2vf01j8bj.apps.googleusercontent.com",
              "client_type": 3
            }
          ]
        }
      }
    }
  ],
  "configuration_version": "1"
}